country,1996,1997,1998,1999,2000,2001,2002,2003,2004,2005,2006,2007,2008,2009,2010,2011
Eritrea,0,0,0,0,0,0,0,0,0.463140607404275,0.901395515759041,1.33444199613546,1.75777696688653,2.19566526347235,2.76834161174641,3.52657834247868,4.46770988757737
Nepal,0,0,0,0.02308463431337,0.041908795215988,0.069198849776287,0.08559779956423,0.313144399398245,0.437078173320296,0.833210388775434,4.15720315668095,11.5208065965556,14.5301781074637,19.0192263086047,30.6934486326212,43.8055680878027
Kiribati,0,0,0.027132021952272,0.242353739518201,0.357100345197,0.461718293395675,0.568005783331612,0.592502478147247,0.680324785946592,0.706613906161673,0.74839095943721,0.789116505160822,1.03592591057888,10.1063992573475,10.6433206758684,13.6389265329944
Ethiopia,0,0,0,0.010552882419628,0.027077721019324,0.040859547593283,0.07295555030036,0.072507899100153,0.214450914712419,0.552933815277932,1.14049373469958,1.55496953129628,2.46018262950278,4.99053484065595,8.26285464316192,16.6717201124617
Cayman Islands,,11.6201464890699,14.085658238884,21.9674015254414,26.6202263963179,39.9990588456742,42.1127291264933,44.0029279514797,67.2329083205697,154.86530955843,172.324620196604,185.623365460232,177.797269192513,194.93033014723,177.647163435888,167.674381709531
Lithuania,1.41432790498673,4.62205993187831,7.53884144981036,9.42182890185746,14.9713088009582,29.2560226369416,47.5267747650331,60.9835604278292,88.9017091775785,127.452230082547,138.856998229786,145.368881070765,149.492216647484,148.499100744456,147.158587452021,151.297921288134
"Hong Kong, China",21.7262207210491,34.7649533239925,48.3613148360873,63.8768939473176,80.3050484003622,84.5873599273906,93.5489820771985,107.724289100064,120.655966903612,125.468897373646,138.21389146097,156.437744260692,167.189340791595,180.269236757539,195.567267515446,209.639932228682
Italy,11.2788672350171,20.6332479613558,36.0394924871141,53.2689314249895,74.1335698251417,89.592132368101,94.2627269507763,98.1087969701266,107.699840013819,121.865570651471,136.112291201565,150.938117859272,150.841157220379,146.101189248145,149.626310766118,151.837445298627
Israel,19.0928585722685,29.701755616668,37.2412345634042,48.8768009319177,73.151028777781,89.7135898950192,100.935898896323,104.191696423202,111.600859557587,117.448942944372,124.405434496353,128.638235237166,126.643960428204,124.253730469667,122.816240698803,121.657815179034
Czech Republic,1.94291648043999,5.11208059375384,9.39297131438808,18.9521394769274,42.4295194032153,67.9381393999296,84.334952740095,95.189447303729,105.694188154581,115.216662599732,120.932310185328,128.264885187169,132.790674390276,136.578217742117,121.748944053918,121.602845107878
Luxembourg,10.8859467265958,16.0265169128781,30.6902844671884,48.5754092650644,69.6395562709677,93.0729518621917,106.800457006607,120.759958775821,104.238746651053,111.549288381157,153.140343567032,143.888975308694,145.239851185646,144.683775523122,143.265910989895,148.26753446615
United Arab Emirates,7.83489619775075,11.8460643051604,17.9015981508962,28.728204462627,47.0782672505045,60.623571174558,74.602197259279,87.3968489476057,100.685476000549,111.42182693104,118.370468961518,143.029310109756,150.770153109026,153.799719404538,145.453539749377,148.61885629617
"Macao, China",11.064010592676,12.8561002311154,19.6710865164636,27.8348401572502,32.6609812743275,44.1722598889305,61.4360850064075,79.2308730324558,91.9857825651367,110.670765907061,129.006602914851,157.071161478241,179.877059693749,195.291747851542,206.428513618906,243.498023324234
United Kingdom,12.4634542322609,15.1597844885997,25.4376853135717,46.3343195774065,73.8049285732812,78.3168332932045,82.9592586083333,91.0272886640298,99.6595977398437,108.751992247793,115.758301340694,121.249486892437,125.24081072992,130.174260285279,130.756422484713,130.751936906855
Portugal,6.52618869581054,14.7577762280756,29.9895906629651,45.3818599939302,64.4815812064172,76.8566910436045,83.1793827187973,95.5750860325357,100.617222905255,108.57055086074,115.587697811324,127.049097495521,132.108129567868,110.677360557559,114.376794049068,114.920311332546
Estonia,4.89530733725568,10.2765987166367,17.764493165345,28.0442504938542,40.6347186829974,47.7831677334474,64.9396599255221,77.6831329445137,93.1241003552971,107.388823626879,123.411689252834,125.242595539563,121.0349850426,117.062019380917,123.239110010886,138.983109007808
Bahrain,6.97147747315251,9.87257709288246,15.0617518245787,21.2947436439495,32.2358596850796,46.6276011268307,60.5837369757192,68.4693524361677,96.7256162915327,105.835484480696,111.834091273216,120.550849975101,136.909742777892,119.870072795487,124.184223769352,127.964126373689
Austria,7.52101887528164,14.5479808012316,28.7470707864491,53.2317581613021,76.4174900983321,81.371104985022,83.3347869909152,89.4245125694057,97.6354315951531,105.257454997427,112.181393239479,119.281093140459,129.660171910016,136.612821652164,145.836540124885,154.783239984553
St. Kitts and Nevis,0.686278995287551,0.462733059455555,0.98021743004812,1.53917192550408,2.60399713560315,4.49726951493736,10.5692603631598,45.9069757736369,59.7408483200461,103.715453602587,102.387022946739,127.836686155981,145.786857657235,145.888081620034,152.665928781344,
Norway,28.7663629362718,38.0038086241175,46.6745719094766,59.6551822976382,71.7902744218868,79.5976386993839,83.5611790195738,89.0794443981345,98.6419146439778,102.836827736391,104.286195902075,106.684306025223,109.044814990043,110.873764636423,115.677751335163,116.754872434642
Singapore,12.0510426706057,23.1182504230128,29.1045853480599,42.4169107910567,70.0992524175235,75.1477785737898,82.1632367504031,87.5417579324776,95.9266450937681,102.780145986907,108.586142035463,129.209094037943,134.419732887195,139.108245739433,145.182719941617,149.48535380083
Ireland,7.93193378401889,14.8507027516036,25.5214427330929,44.7087333991834,64.6987996151197,76.8271673280184,76.2237533033469,87.2707832876949,94.4764097789448,102.692565394962,110.971605336705,115.83360869936,115.972488011347,106.625204179067,105.180742298485,108.408454457354
Antigua and Barbuda,1.84528034066714,1.93578717402727,2.02183582693085,11.1864183720471,28.3300710827238,31.5796122023622,47.4555007639087,56.4149003867052,65.1874743475217,102.483435816769,129.693238534702,130.774422528655,157.217343262624,153.669620281998,189.347311464322,181.641967593626
Aruba,3.61145553696325,3.99478634586254,6.1962292835178,13.5682141968748,16.6166321409977,57.3822851141691,65.3304579474819,72.2085161290323,99.3366718494437,102.3971246386,106.152213492226,108.981530343008,114.479843829957,120.061531534912,122.618338791307,
Sweden,28.1664001294841,35.7919993530559,46.4154801104754,57.9046317718399,71.9208799215996,80.8604507232268,89.2962357968827,98.4959585432849,97.8506821980259,100.826804159106,105.679349251934,110.429418120033,108.413324337503,112.1241183919,116.052977034308,118.571125780619
Kuwait,9.27837014470678,12.5088455407753,14.1748025308259,16.1532012683494,24.5261455925589,43.6865665997209,59.2806317083258,66.7674133645792,91.3456817470775,100.573583025547,107.593598988875,113.312672755899,114.073767703115,146.469429230249,160.775698899271,
Denmark,25.0530663552553,27.3613699633089,36.4382811012578,49.4049605975993,62.9937516633109,73.9380943623619,83.376709126345,88.5339680456095,95.6785944432511,100.549170726739,107.083193389095,115.338271352116,119.276257196244,123.689390925476,125.780565614357,126.458162930944
Finland,29.3063634680324,42.0795068236517,55.2508588583552,63.41410636779,72.0734260259753,80.5292583864013,86.9060407268767,91.1052576529168,95.4446240356276,100.489251082405,107.673165796166,114.924474017334,128.471988404039,144.153022364686,156.397204907927,166.023804173623
Spain,7.58522854080066,10.9513850660709,16.2013355150734,37.5572399847705,60.228315519753,72.7444298711139,81.0618133914389,88.5347670540773,90.3830825787794,98.3838717067076,103.810210153886,108.559889539109,109.916837404331,111.932498173183,111.988715234843,114.233016778964
Netherlands,6.5476059284705,11.0023076651482,21.3565929637961,42.7590017249498,67.8000293138202,76.4725063161902,75.4085068897512,81.7959971889442,91.216745718098,97.1085937671051,105.605344353347,117.280505596047,124.987404006105,121.678083838005,115.445818657065,
Germany,6.70556894215988,10.0527149260066,16.8948647249323,28.4740831617867,58.5337820688519,68.1270945749635,71.7294028415606,78.5605848379696,86.4254078339042,96.0386361454796,103.775148771802,116.622932073648,127.945096415627,127.418888321167,127.043582473502,132.298778790989
Iceland,17.3275482287436,23.9587151255699,37.8363472758411,62.0014870529412,76.4183350520963,87.372531620609,90.8136116854904,96.5298007759109,98.9979658980765,95.4051148637036,100.302979967443,106.665227445939,108.451520282232,107.660445644492,106.541282454957,106.079243817169
Hungary,4.58697228124937,6.85805602418033,10.4252886171646,15.9039355806569,30.1284505381446,48.7736314888377,67.781533186479,78.3913938439864,86.3189788962704,92.3967397037118,99.0207540057037,109.831724382957,121.974676223617,117.898258261369,120.31500519099,117.296818539941
Belgium,4.7352238895834,9.63567910746464,17.3397884200397,31.4001330853986,55.3181486374773,75.37754385745,79.010700676076,83.5265824642428,88.1694619278009,92.2268316297474,94.0084160438102,101.891712476935,106.975338154926,110.452194731833,113.461222139595,116.612773822268
Switzerland,9.38558947271073,14.7293068751452,23.8799018353572,42.841815730992,64.7123121557922,73.1936808432091,79.0671642562517,84.6986989874749,85.2406750990425,92.1675866253397,99.5689409307277,109.137282122864,117.476117109746,122.324129328003,125.831900503085,130.062362935927
Greece,4.94670161467965,8.66244048209618,18.8063800943057,35.6933487858227,53.9953233323773,72.1850695157307,84.1143236535627,80.4261010998759,83.646870742508,91.749006582603,97.8655174565258,109.232597088217,122.20665833201,117.379422732125,108.216758253512,106.478946369856
Australia,21.7799075385609,24.7123465053163,26.2505045402484,33.32824217826,44.6767020704223,57.4341761621547,64.6294992805313,72.3130706870725,81.9744623683994,90.2785401734603,95.2551050782878,100.662935982729,102.817645051085,101.359217981673,101.040111397396,108.335354944489
Slovenia,2.09004569137626,4.73798623817224,8.1649666213804,31.8511908425134,61.2268221210171,73.9336194952185,83.7251088348979,87.2003273122191,92.5262730616594,87.8700394189255,90.6656674488005,95.8290949116578,101.819815159461,103.774381929211,104.546036813685,106.561926907556
Qatar,5.61490334138659,8.22183601336644,11.9811671416181,14.8042536016986,20.4508957504522,29.2618948552521,42.7290190379911,57.6182096403979,68.5640414684554,87.3051428404382,94.0140197232852,107.300507896845,102.394309700156,121.968499748086,124.313378549949,123.114412999501
Faeroe Islands,7.52026902524415,10.7461253600329,14.6895712160151,23.8761925893055,37.1007585860132,52.8215194788386,73.9966768916155,80.1019548365352,86.1901283522905,87.0985121637863,103.073749355338,107.405501111752,112.887626808239,117.209254498715,122.045659850538,
Montenegro,,,,,,,,,77.1664922668572,86.6740381562341,102.648331775835,111.949449170491,184.052703100042,205.28159128221,185.276093049771,
New Zealand,13.2567840139541,15.0900914706869,20.8803030022704,36.5435128453722,39.9685642835518,58.5641044017784,61.8125592822575,64.6393761989311,74.2070000220635,85.3870366997354,90.8573030247057,100.442910165032,107.999211746013,108.730152120423,107.826313100142,109.18541563739
Slovak Republic,0.532596690422087,3.71324487768315,8.62336441740164,12.294555990632,23.0115017174406,39.7135773791415,54.055019061929,68.0098025912236,79.003810332341,83.8404090779497,90.2457008529133,111.730658257616,101.447061219149,100.839164866705,108.474604819119,109.349480270683
Russia,0.150213228459844,0.327315631369977,0.505694737570651,0.930586242582283,2.22353175953502,5.30268652654673,12.1006043438494,24.9413431978882,51.0870790714756,83.4241967669801,104.99194345673,119.474202131633,139.367155363358,161.116288744404,166.264882920572,179.308702934644
Andorra,8.41369371579254,13.2778676527232,21.9733524266102,32.1950457138392,36.4251013398521,44.3274589546619,47.4921425778138,71.87097489024,77.5195239866121,82.8882497945768,86.3910659288379,78.0230986607691,77.7480412221321,77.1406718692114,77.176423453997,75.4877270353392
Bermuda,12.9333398162104,16.5768672366511,20.1878763548776,20.4619934457677,20.6894356558551,21.1259348459881,47.3275698870449,62.8387400832613,76.6763164071669,82.208014969593,93.4274343987066,106.973427180553,122.183212954514,131.168791086695,135.815586455398,
Croatia,1.39461241487008,2.60345614099568,3.982331975049,6.49773724560257,22.9273650864393,39.1599466264431,51.7822048435596,56.9337028537758,63.725946292658,82.1636988500189,99.1296161681956,113.750286658706,103.086873105502,105.988690651083,111.923294415817,116.370610343164
South Korea,7.07678619891551,15.2092068378511,30.8133720064054,51.242042340419,58.3122059100074,62.8548967406883,69.6723156850991,72.0469178262221,78.1240783956695,81.5028915618498,85.0413431082045,93.4100269982585,95.5441212063087,99.9589253781431,105.362110464842,108.504517016608
Greenland,7.40607650430314,11.6267805245596,15.9289025721804,24.1351611866767,26.895152679906,28.1620711055945,35.1902221908227,52.3344592217296,68.4297259865711,81.2729498164015,94.0991620111732,115.848977597878,97.3812306994434,93.3058774256596,100.092502094387,102.523736386484
Latvia,1.15730541939733,3.16113938779677,6.920352307342,11.4193332478651,16.8250193293674,27.746143077647,39.0239709999404,52.2464629587979,66.2596061018554,81.1788883067133,95.2298218989307,97.1650436759021,101.206940125872,101.867001565416,102.399580828219,102.935971062019
Bulgaria,0.32138238423713,0.853865963536508,1.56206105469378,4.33864164072056,9.21790451799727,19.502347893954,32.9109074170882,44.6532749447489,60.7218089709058,80.6929732921658,107.333305589946,129.543329743152,137.38070918346,138.608960164525,136.10208354794,140.678123617152
Liechtenstein,,,23.3717669055781,27.7178934400986,30.438620521718,33.0936550437739,33.9082852554571,73.5164382755984,74.2034046268005,79.268503573899,82.1688812687527,90.7758180683945,95.7180259564765,97.8418875097842,98.5235346358792,101.834508594094
Malta,3.21108105539243,4.51878548859639,5.7268274580674,9.49590098624219,28.7967389663328,59.8920314399644,68.8286214337566,71.6406406332219,75.1669396806841,79.1556212511758,84.3552655904876,89.3172211881495,93.1609436979703,101.652858725495,109.37877387369,124.863409555946
France,4.24182410665827,9.98328156864635,19.163829242881,36.4815770376323,49.2014308070267,62.2949174551176,64.5514056814599,69.2909749726355,73.508964375629,78.8373025825446,84.1701347215817,89.6565911614354,93.3550427448122,95.4443422563651,100.657094930805,105.028215521193
Poland,0.564859313050865,2.11570383647282,5.02533726107362,10.3205737409493,17.6150639369122,26.1444865668186,36.3544083667026,45.5551421847618,60.5002853428098,76.4217488046652,96.2670587338386,108.376621985756,114.934936418949,117.143885884442,122.665120206413,128.463055213343
Japan,21.5571157457006,30.5807119490089,37.7477431449629,45.2838850106761,53.1213882625647,59.4304589994999,64.3549191268374,68.6734432864464,72.4263059526151,76.336539799247,78.9358056019846,84.8425780856582,87.2379865318673,91.8955441967376,97.4325116536079,102.665020180163
Barbados,2.37778963581936,3.02276979719942,4.51227903933579,7.61326745589636,10.6414315673,19.8033498389214,36.1563614854936,51.9694568078132,74.1397385412692,76.22466294274,87.4777726129077,94.8376028098285,106.05555147329,123.578735105408,128.072190860166,127.01177329561
Cyprus,8.10521747395156,10.3246897586101,12.8217439615708,16.3855585713298,23.1448519761601,32.6948398409955,42.6517082808606,55.2783493999804,64.7991840961759,75.7826648666133,82.7824266984142,92.9714861428731,94.4046477208471,89.6419260265958,93.6958103451557,97.7054606811611
Dominica,0.647617442121825,0.784800835615278,0.923046336926114,1.14280816536434,1.7223561832587,11.1019914467148,17.5654030966364,34.3728323699422,60.5584263320162,75.4443235400798,104.075691411936,130.05231317766,133.511348464619,145.01928682901,155.802352524462,164.019209456963
Malaysia,7.15542289014285,9.18210450070493,9.85554989309416,13.0752120305245,21.8738753159365,30.8162603531264,36.9279246290167,44.3891393614668,57.0955113612096,74.8843660102602,73.2096287082134,86.3068923300909,100.767187617719,107.852066207515,119.217561821818,127.035120294933
Jamaica,2.19908301779873,2.63047024812395,3.10331353239526,5.64455944735014,14.2138664914814,22.9551579855171,47.4101740767595,59.5691518889425,68.9539595714206,73.8896494065414,84.3608395695785,99.0878325252986,100.111789880608,108.249932070541,116.086633890929,108.121404164545
Virgin Islands (U.S.),,14.8281326747171,23.1198905041986,27.696739170575,32.2547944448028,37.7094715155529,41.4474952493735,45.1787907113139,58.7535462615539,73.4251986503662,,,,,,
Bahamas,1.74423728395323,2.15864659821668,2.77797853192507,5.41212566499313,10.5909269580818,20.0775183517569,39.8164165584808,39.4028388045171,59.0988088543206,71.3215263121638,78.0665049712096,113.725555781926,107.309514747004,106.045076516589,124.936055786769,86.0629767034588
South Africa,2.25959283701958,4.28238004700122,7.668404141214,11.7542193637306,18.6303154709589,23.7653679830504,29.7769844685709,36.1559228677077,44.1254909566988,71.0566596587054,82.0634180433666,86.6049708960208,91.2420543631109,93.3358736920973,100.477098663736,126.833190454423
Seychelles,1.38156674702625,2.94746507509674,6.74034727723737,20.9690271173371,32.9935820041939,46.064495064922,55.4699900793651,60.2853294146461,65.7973399813629,70.4153844311664,83.449004045509,90.9420417769932,109.24177262528,128.565619953763,135.9104463811,145.713003142301
Trinidad and Tobago,0.751388460898876,1.34382889310523,2.05299532697152,3.00410841490717,12.527301405974,19.7466078420185,20.1887557852941,25.7530827332483,49.6854928423298,70.2531424235928,115.02418173639,113.889408541479,135.692390912369,138.163383966314,141.206814937401,135.566531733947
Maldives,0.007875255945818,0.498065652002687,0.608639958767106,1.08935219657483,2.79538567392291,6.8015162478266,14.8437998200279,23.185948755516,38.9177560586691,68.9676195637447,90.5263193050541,103.294469573926,141.606529879856,146.843994495395,156.497142947592,165.723363773545
United States,16.348935820428,20.2874176203974,25.0771064273127,30.80808942269,38.7537915097015,45.0016984726648,49.1563501538968,55.1466051506882,62.8501119079468,68.6273825426008,76.6446034137493,82.471958442443,85.675203095151,89.1491163403411,89.8564509528051,105.913600948086
Serbia,,,,,,,,,47.795755646506,67.8489956651028,82.0099803557881,104.384030950256,118.667801680931,122.133695844762,122.080353509641,125.392874001382
St. Vincent and the Grenadines,0.259141685716666,0.320432676724178,0.695042953654536,1.31641157329724,2.18831969302351,6.93787215127747,9.22977346278317,58.0606161286155,66.3191054289557,64.9349455197462,80.4586936961751,101.312121767834,119.161369506677,110.840220007504,120.540916283281,120.52210487816
Chile,2.1835762699828,2.76104414287888,6.41158064525138,14.8421267766651,22.0594338974126,32.6885261660322,39.5610337081414,45.5411984353431,57.4092797830725,64.83713442368,75.6029218376194,83.8994101815556,88.0980683444758,97.0186256132659,116.002126484952,129.708078247665
Brunei,14.6452750447528,14.7673647801632,15.7355804955544,20.6473249200698,29.0487897356866,42.7710050605955,44.9806051202483,50.8542854767168,56.8782080276898,64.1380468876937,81.3897282598422,96.9868587306927,103.681357958902,105.370855738483,109.070490323874,109.169626888835
Turkey,1.34789759041401,2.64844323721793,5.67861217024711,12.95450328632,25.3558810446908,30.324460576398,35.6371041756228,42.0376444881583,51.6205406077022,63.996075851223,76.2525371926356,88.5460329222079,92.8097126307373,87.3804648183818,84.904001349785,88.7046487870466
Ukraine,0.05908614647893,0.113620928561874,0.231648035378973,0.438695731844841,1.67415422204201,4.59170190752127,7.68794076527728,13.6397478779693,29.05325725406,63.9620379598664,105.332359256287,119.355713707213,121.068837289883,120.185503623427,118.639224337599,122.962291807645
St. Lucia,0.939458603427682,1.05904857723443,1.2404355887499,1.4819205690575,1.59126206176643,1.69962041810662,8.91825709852889,61.0903705532072,61.7242454058216,63.9273937377099,63.2327756553814,87.0889195641999,102.591077456864,110.019830915353,113.740409830892,122.99765967599
Romania,0.075329950723134,0.894707046650381,2.87405707573409,6.08319731594345,11.2609755645843,17.3987094212233,23.2185809308629,32.1085492668358,46.7624836211638,61.3370014508251,73.6736745960353,94.2485906370678,113.341902913744,116.542437535691,113.560358796746,109.159636405112
Saudi Arabia,1.01528403398042,1.74582988510533,3.25768517668884,4.27310531840796,6.86386657883882,12.2265343801652,23.332936683062,32.4084524251881,39.5272512212258,58.9164995501873,79.4372904287017,111.354313113272,137.579763300896,167.347455276855,187.861459629644,191.24269417073
Jordan,0.534646598443221,0.977637653886705,1.76054427812964,2.49220193787184,8.05761890793139,17.6296767287379,24.3998846024266,26.002895940386,31.1707289829185,58.736406313588,79.0356238092838,84.1938948481705,90.8464285567739,99.8136946544008,106.994619722212,118.204758830293
New Caledonia,1.05578220135714,2.60625842972679,6.40131953580615,12.2421688601555,23.5642676857028,31.4555795362969,36.4064967393431,43.4517843719798,51.2382402379674,58.1032542842306,65.964183576195,73.8094640181479,80.8831218018122,84.8906439854192,88.0180970223622,89.2055443928168
Tunisia,0.071796151947167,0.083554606798962,0.420905346916106,0.590208948579362,1.26018956829743,4.07699068963101,5.96142069174543,19.7232513695488,38.0649233152323,57.3109429532388,73.2598330656773,77.4169210832222,83.9454589368445,94.5194585401051,106.042133267894,116.930237396306
Argentina,1.89026515147329,5.62530307704098,7.39141680163872,10.533006610186,17.567899928485,18.0734814078644,17.4381408777147,20.636775878773,35.242850314618,57.2796110066359,80.7464922092515,102.625744937534,117.108387513233,131.002357068848,132.880086040969,134.921114445462
San Marino,8.80024713287253,9.01177282662883,18.9562635605801,36.0815035215246,53.7805465939852,57.5609047670915,59.3217939187993,58.2497501120188,57.4826727676469,56.598792119072,56.6062302659419,56.4388686425646,78.2165523430989,95.5036831531618,96.9968922432929,111.753584370569
"Macedonia, FYR",0.053616232441064,0.623400776805174,1.51008530398453,2.43521565797745,5.76121240899491,11.0747368029463,18.0662676072009,38.267715215214,48.4791487030008,55.4929103399278,61.8592612859633,87.6221359993203,95.8590983588986,94.4790591456795,104.506632410657,109.362161701212
Oman,0.664089997476458,2.33843921977314,4.33059401167228,5.35540883013971,7.15496189982788,14.1718194905077,20.1053118841934,25.4284414120576,33.9010131453251,54.8762919271787,72.9948366270246,97.6109905290008,122.085482428081,146.399578782961,165.543238206822,168.97410356816
Panama,0.256249091688488,0.842198772400392,3.0205650102206,8.03162879754562,13.8830685836801,15.7716085752174,17.1333960874165,22.1529867399974,39.5964888407147,54.0014408701299,66.0007958518574,89.8516506982329,114.935004889201,175.241377497508,188.987437514573,203.883976887224
Gabon,0.608112035699754,0.827226370931788,0.822964914901998,0.736703947924452,9.71444392094386,11.8749332035007,21.6413851031978,22.7706750138901,36.4066030289301,53.7443944061882,64.2708375083739,82.1136286848403,89.6360088532796,92.9263614422604,106.943843854017,117.320249083924
Canada,11.8239224896629,14.0534874055627,17.7525568530116,22.7457815298621,28.4569606811671,34.3879576465914,37.9518688338403,42.0487335045485,47.0203660482278,52.7100402922083,57.4632605183196,61.4889002246209,66.288197589327,70.7099724404557,70.6636669933406,75.2799082352173
Puerto Rico,8.81495638204182,9.75893048503746,15.3234840318728,21.3967913752368,34.5562930331828,42.6529335007496,43.1942850054041,44.9341655536509,48.7274590342247,52.7094759208522,58.2769274153302,64.5750628617806,67.6669288831202,72.256962427296,78.2603616048935,82.9889313276693
Mauritius,1.81172899600851,3.65755668503116,5.15130158822141,8.6214931572771,15.0498274704501,22.5457861967311,28.4644145675241,37.4843749240026,43.9719540263104,52.2643470179241,60.9777181996457,72.795986359895,80.4845429641648,84.1390854352981,91.6660765472162,99.0438491557815
Colombia,1.40883878829253,3.34814345996699,4.68332777519057,5.02916004190304,5.67546418551819,8.07781103227979,11.189879696586,14.8236814635437,24.5379339150891,50.7660541947435,68.1122921860632,76.5261268027718,91.9098639370381,92.3458456385594,96.0747505321381,98.4514201541219
Monaco,16.1266238614305,21.192676752811,33.3120427360353,37.5430539609644,39.6486932756363,40.5293584221265,42.0870943097252,42.6945616170767,44.6403265121025,48.7549631310267,51.9097172994584,57.7985550361241,62.2594521168214,65.013992141787,66.1281667466885,85.8102577130437
Albania,0.073893279470487,0.106730420304395,0.181875047295632,0.358248785686972,0.969804574172748,12.7592385465809,27.5424318510909,35.4073340176605,40.3086729297719,48.7059647335922,60.5043643380376,73.270708418713,58.4533146916276,77.1673897171787,84.0241376856733,96.3933945027158
French Polynesia,1.23494358955726,2.41557505107559,4.82609056119666,9.39014781700152,16.7902439845479,27.8734965706902,21.3265306122449,24.1990360650193,38.1524667954312,47.0828265390199,58.8875673623406,66.9027530658708,70.7436654431638,77.8007732969722,79.7336425817317,81.389963364344
Venezuela,2.58541974380655,4.66810244531659,8.57978142221138,15.8448515886549,22.3718744434931,26.0878828405061,25.884568622045,27.2575920021116,32.1411523987372,46.8634256923967,69.2604196121151,86.3253882890298,97.7078914949077,98.6102937971795,96.2052090181121,97.7752677753911
Thailand,3.06120936777426,3.61688707434264,3.20620291962831,3.74852109817681,4.83888622709682,11.815543743733,15.7349764972755,33.3915993655649,41.4448989797713,46.6825324947795,60.5311688650087,78.1368245957299,90.5800379451673,95.9919015659187,103.619584980428,113.161025858492
Suriname,0.54673497836595,0.50406623850057,1.32276646907012,3.80088571496832,8.79262112131195,18.3764899214458,22.5694184099373,34.6183237469186,43.1474993714976,46.6228314379904,63.3772550914712,74.4899399375853,127.577048378266,146.945433490875,169.641427580265,178.875333148225
Ecuador,0.516044700681297,1.07444323320739,2.03027094750604,3.15425642079296,3.90613286018179,6.84472224267043,12.2253486708155,18.4644477760688,26.8317749233488,46.5227541972898,62.2084431719506,71.7702327721981,83.1236759020939,92.8492565262468,102.184560675447,104.545598663035
Brazil,1.52008983383996,2.7266870534166,4.34934802114918,8.74318019843527,13.2940344286007,16.2518287058415,19.4551365877661,25.5312895271486,35.6794447735628,46.3528917005172,53.1600191704314,63.741482197369,78.6461612319938,90.0193633409662,104.102440531496,123.175859121497
Grenada,0.565998391372993,0.965963637803225,1.39301909720507,1.98512145549263,4.23553515494179,6.30486282450777,7.40824293308747,41.3846078575273,42.2751451856913,45.6109953861429,44.8314683075012,49.7068725330857,57.8675896377853,109.920554867095,116.709255696881,
Mexico,1.08876807400017,1.82396214135499,3.45299819953072,7.8482848424417,14.0835706075397,21.4720784835672,25.2628050625604,28.9672337168102,36.5588604476534,44.2590939010538,51.3704529610301,60.9403068297835,68.0696045721431,74.2578525867592,80.5504308132367,82.3787374565568
Bosnia and Herzegovina,0.045376552785636,0.267410185832252,0.723532699189865,1.46072207823653,2.52825217437917,11.8641169361616,19.8305932678528,28.4131749744958,37.2205170734958,42.1678544914429,49.921355790213,64.8426290951603,84.2315278297393,86.4520449305316,82.7156849369533,84.5173321024202
Belarus,0.063918134808696,0.08003424411199,0.119666344045022,0.232074778397624,0.490693302021016,1.3819343224297,4.64330238032604,11.2725169281847,22.6829624062131,41.724757666638,60.9604981086392,71.5443758102709,83.9609573284549,100.520796146457,107.68573885398,111.877880725452
Algeria,0.040643550676168,0.059501588025572,0.06065978843079,0.239210525528913,0.281654834816481,0.322765829452989,1.4319896209663,4.53390797902152,15.0710173043329,41.5384592931093,62.8832742162978,81.2901232665435,78.5158882756805,93.6471149437679,92.4212607527282,98.9875901999747
Morocco,0.157160474524939,0.268768085283991,0.415362719603297,1.29787873288583,8.13385477061349,16.3812886888361,21.045306312424,24.7221762778736,31.0379323926028,40.7759019807306,52.1291355987431,64.5873124737937,72.8436640535163,80.0099315545257,100.096606059225,113.264872955309
Philippines,1.35395282706393,1.85513356666211,2.34148079199212,3.7663480309467,8.34867665507286,15.3982866884464,19.0784095669307,27.352617123073,39.2389452823126,40.6551111713877,49.2088430089556,64.6848427995329,75.5404189711085,82.4254079115546,85.6690567884697,91.9920838805453
El Salvador,0.401802464791347,0.687828250332286,2.33262567800429,8.65093669632051,12.518347121907,14.3777760308493,14.8427424250192,19.1359840013927,30.3971176978738,39.8603060599986,63.4063584299382,100.598488608506,113.39518483014,122.820218676542,124.339491421999,125.845224023608
Dominican Republic,1.02482157152136,1.72870918196669,2.51521980424473,5.0180393759213,8.21035509098208,14.5547185413767,19.1925861889951,23.2553801399338,27.7554514173932,39.1103689045231,49.0053132034196,57.8355602639291,74.604467608103,88.0876326395458,89.5788893679261,87.2178016684465
Guyana,0.164611311540625,0.191848363053842,0.199053196761484,0.384827804936732,5.43308493645487,10.2430619302705,10.7586472288353,18.6192934507541,23.0800155430034,37.7050124960636,53.452996775448,71.8300207447858,59.5771829404267,68.1970961988704,73.6119486860713,68.6150203692926
Kazakhstan,0.062357820604989,0.072342442074705,0.194560316285635,0.328197713197898,1.31914178360539,3.90665222324087,6.89184547046375,8.89580583608395,16.255364536016,35.5791548863171,50.7808770877697,79.6239464314411,95.2426982605621,107.714769230614,121.066739579844,142.549863482808
Guatemala,0.423767148535358,0.612449631565666,1.03929310350294,3.07809672659266,7.62501823201553,9.95810951044491,13.3647295745694,16.8183098572923,25.5406390641531,35.4644364611768,55.0732479502726,89.0613348073134,109.187116705571,123.3285160931,125.56855343438,140.375641478437
Uruguay,2.42111157794094,3.03535832277297,4.59966549766113,9.64932013824007,12.3765842559322,15.6397207659987,15.4426908932786,14.9717554927231,18.0578659329126,34.760358750819,70.0239011784095,90.0703876567668,104.837136767936,122.462948164214,131.713857751724,140.751885794353
Libya,0,0.201976297677515,0.396728340070772,0.584302821559372,0.764644519630241,0.937855623129095,1.28811604379815,2.29197940755761,8.84517876725451,34.6637932692966,66.6395757666866,74.7129404307085,119.993023959204,152.236914400846,171.515466603893,155.69601411976
Belize,0.964651528469146,1.09444774270153,1.48244756916341,2.69602529543381,6.71105575780801,15.2602286988175,19.6937567338113,22.4746986158655,27.2871150242855,34.1701459705923,41.1099691675231,40.3631227739796,53.4800175112035,52.974479204186,62.3184127177684,63.8666616340807
Paraguay,0.669908157752566,1.67987795758428,4.51830095334745,8.32332909470796,15.3607936612795,21.0857472999701,29.9569663031796,31.1913624163415,30.2245994184041,31.9948943812421,53.803608396436,76.714082259476,92.9459722431328,88.5956272986043,91.7315666410723,99.402629908241
Palau,,,,,,,12.5581157717264,19.9208041425525,19.8151795182548,30.3978699889481,41.707061116386,53.141465354409,57.6774767648804,62.6363904452964,70.8870652598671,74.9429860740453
China,0.558910986548495,1.06903110117973,1.9105376291799,3.43761745302137,6.71805811981818,11.3326229725147,16.0198761213203,20.8716327790964,25.7447580336676,30.0862617709165,35.072609371968,41.4160788357655,48.2765050182465,55.9749092076566,64.0408922944562,73.187769263199
Botswana,0,0,0.895854945809327,5.32352262120996,12.6393333048907,18.6199773711661,18.3763867434543,24.3140503363974,28.2273978090348,30.0575846642778,43.2988497584046,59.7528974755388,76.0064599232053,94.5762867535739,117.761622764949,142.818177431062
Tonga,0.313942367666015,0.124286646435563,0.134067611327682,0.143691432911496,0.183795374483076,0.239652301068281,3.38606604545042,11.23832268034,16.3532297628782,29.597923230882,29.582414553473,45.499442564594,49.0447964240599,51.1983307412166,52.1824367179842,52.6270464744663
Moldova,0.021357189003926,0.051541923497729,0.165826086338536,0.431955180330489,3.3846831157396,5.56902572246352,8.52207159220442,12.2148881187781,20.5595435206612,28.9311355085753,36.5589840647049,51.2817509818768,66.667858761027,77.2951880079481,88.5853309020581,104.79851977396
Bolivia,0.43730889012313,1.51752878817447,3.00169220912639,5.16469131452024,7.01339360519874,9.20070513214503,11.8350104936485,14.506090181718,20.0468177541883,26.4730877025536,30.9041374671472,34.3890847114972,52.3846526046877,66.1424159617887,72.300122589981,82.8031678487185
Georgia,0.046070617041802,0.609190367725582,1.23363024071827,2.77292649121566,4.10346909297026,6.43128521762923,10.8866255630633,15.5632970668814,18.599957916695,26.2297615862029,38.3514543111646,58.8709217211403,62.7008583032659,64.8660266186211,91.4470787942956,102.34664795268
Azerbaijan,0.216689971460656,0.505453080559617,0.814980801559948,4.60238388558623,5.18326171415298,8.91171590328664,9.59149552453234,12.6194782619907,17.176651255686,26.1064925985415,38.1936028961634,51.2299495794814,73.214365579856,85.5570619385163,99.045798099498,108.747904448549
Costa Rica,1.30811800078435,1.76486728067576,2.90783937669526,3.60636449811875,5.39944580243827,8.16758457396128,12.3059945430015,18.7071409308347,21.793439189915,25.5558007552305,32.9478846689275,33.8727101060772,41.7186702531819,42.4832762988505,65.144464761648,92.2047571444439
Fiji,0.471509966064026,0.655601293551783,0.999144482536828,2.89741203355446,6.78277431324672,9.93311077836962,11.0126222535819,13.4438709030158,17.3592544029925,24.9224062157697,34.377437968422,63.4585108713741,71.1194557939243,75.0889040891775,81.0947418323703,83.71660260293
Lebanon,5.59458421643468,10.3937620748607,13.8659793955882,16.9917179602459,19.8539465664296,20.1623338801963,20.0362724195193,20.2128311049822,22.1219536963344,24.5176215693339,27.0028703168819,30.4725273236995,34.2459589408471,56.9531259307265,68.000000946164,78.6494827329169
Mauritania,0,0,0,0,0.578943923037541,4.06059182455897,8.82887856551346,12.1774335418804,17.6217041105391,24.4684631941794,33.8701561266458,44.01218051516,63.4849999423413,64.6088825596646,79.3398295206073,92.7102616375927
Mongolia,0.038703534793833,0.085265375692035,0.381596986769586,1.44679768023435,6.41129582407338,8.00980893524994,8.78458370630534,12.8361078506682,17.0491739386,21.8740811489951,29.9867306104964,45.5164375507952,66.099163478257,82.9390052362779,91.0910409684176,105.07832895375
Namibia,0.390599509105072,0.713522449128703,1.08178337814875,1.62071577291395,4.32526179701968,5.50506378076006,7.60106374353403,11.1370971677135,14.0013477939784,21.5801718405866,28.7374100430793,37.0669722424993,47.8090111805826,54.2800027474512,67.2069107327193,104.960275455636
Indonesia,0.278119863111414,0.446775336892284,0.512809688381966,1.0545372094351,1.71949667652413,3.01611538673572,5.34182266139513,8.3372316894259,13.506556049343,20.6376228576658,27.7502688810921,40.1730102293906,59.8329655363174,68.9414355260828,88.0849667085763,97.719537624822
Nicaragua,0.107750333603484,0.156690465240106,0.372769237722537,0.885513331050928,1.77964658561083,3.19519639671486,4.54522116495048,8.82530414950369,13.7905590950879,20.6362400854224,33.3159371019747,44.9754963195051,55.1496679044577,58.5714235678773,68.4543092514844,82.1522459057364
Peru,0.828795936898975,1.71000896893854,2.96119451642991,3.977121642233,4.92561505662754,6.83721696669785,8.6794880457885,10.8868545361773,15.022953683376,20.2598163945567,32.72760117772,54.7369321351734,73.609897756897,85.8690140524847,100.132880450035,110.413663459198
Honduras,0.040496932939988,0.247223639288938,0.585208002404156,1.29040859983409,2.49706062139694,3.74379733529617,5.04062894392534,5.7397890287634,10.4877291369821,18.6279507788866,31.9297486138401,58.4570443812031,85.0462880928835,112.628747974979,125.058101257229,103.96588540582
Egypt,0.011674495977519,0.101835544489787,0.139009509548279,0.723735672268513,2.01024653658203,4.05556657504746,6.40502111931275,8.10861127543872,10.4922235017427,18.3679399875059,23.8209269680299,39.1123708779956,52.7131301340247,69.4366150379742,87.1056051191234,101.076338461028
Swaziland,0,0,0.456883780431376,1.33565610289895,3.10199354785342,5.11588407592716,6.28014817455487,7.80730469797671,13.2361223821004,18.1010381850451,22.369282858687,33.5390690437041,46.2160014743416,56.8695034429043,61.194581031587,63.7015615001704
Cape Verde,0,0.004843869961467,0.242163517353865,1.87943477187277,4.51218787022171,7.07869762927548,9.48646021999382,11.5953055337575,14.0921711112635,17.2814417096829,22.7609264281249,31.5123710465133,56.973024656781,59.1148465993113,74.9741430930304,79.1931440214949
Sri Lanka,0.387277490873252,0.623433892852699,0.941118886748015,1.37911597513395,2.29501238831472,3.52853434510491,4.86776589811194,7.19366842897569,11.2753181900976,16.9422648395346,26.9787514448908,39.3813292434113,54.1299345568451,78.8877303179784,83.2183817899075,87.0472988056199
Gambia,0.267286421228205,0.397429385764237,0.412066831885222,0.421095896715262,0.431737651532206,4.12413508086554,7.26725701017779,10.5302655206804,11.9822553069409,16.4581778811687,26.1329874313221,50.294874123154,71.2750449695527,78.0666859324959,85.53298611312,89.0151077949871
West Bank and Gaza,,,,,0.221224551047972,5.35602084677861,7.49623329188986,7.72327337576161,12.5342365672518,15.9631812738393,22.591266048307,27.398337937359,34.3496720018523,45.7936963450524,,
Syria,0,0,0,0.025685756727758,0.18763446354744,1.21544150365672,2.35808485308955,6.77525988410361,13.02986087541,15.9596436336008,24.7083529084268,32.2684394942369,35.8285021030748,49.9750146394117,57.8092193832951,63.1668574990982
Equatorial Guinea,0.013338552132966,0.063493944794132,0.060855792262504,0.119047382842494,0.9608363119259,2.79228213218664,5.77170386108952,7.25525743926126,10.4951898459462,15.9443445294773,19.1761601976423,23.2942404214083,27.1769080831674,29.3636170103433,57.0087706899333,59.1491683710236
Senegal,0.016434157861725,0.078772725029063,0.304215645031353,0.948491306386793,2.63259660197045,3.09269307697502,5.52168300843025,7.59784757285815,10.5971128732948,15.9135452581092,26.7031641116396,31.6419282452004,45.7205121215754,57.0047819976517,67.105513326333,73.2549596806155
"Congo, Rep.",0.035585694266219,,0.114013619078144,0.163642712973627,2.23230444295553,4.66805463491145,6.74384897426908,9.80633673593407,11.1340442543238,15.7985858053531,25.2854781826735,34.515275241703,47.1021982155383,50.7426954621315,98.9389049788283,93.8404221706249
Tuvalu,0,0,0,0,0,0,0,0,5.18349574953348,13.4103569218073,16.4406083025072,18.4388444990781,,10.1978380583316,16.2816729418948,21.6309535899259
Samoa,0,0.445955544170558,0.85281457621454,1.38837351357832,1.41603747401571,1.40730107799263,1.51270673658733,5.86130478226648,8.90377798429596,13.3158008621981,25.1706626246086,47.4412087578678,68.2034442739358,82.784633856174,91.4349386337195,
Nigeria,0.01243137150367,0.013013071239668,0.016951541847831,0.020698035792832,0.024254470923643,0.210300765270611,1.20851916162375,2.36683077259888,6.70619258709849,13.2932026941997,22.5494915934881,27.489081310833,41.806781143927,48.2356100605618,55.1041759784878,58.5750454249494
Ghana,0.073244861542483,0.12246258103359,0.228394190222444,0.37415693667704,0.678537308464328,1.2418179970574,1.92287987672092,3.85974952958137,8.02560200182662,13.2836680698524,23.4871962615642,33.4797379211702,49.7349658977821,63.4178184199545,71.486862626053,84.7792958179296
Cote d'Ivoire,0.089788462649749,0.232376096581186,0.574435142240588,1.58305582215085,2.85226086928728,4.31273820709147,5.97799303157873,7.33691917522161,9.44251696383455,13.0372678548618,22.1839226160851,40.0483000955555,55.0325598974077,68.1358671042613,79.0313206132396,86.4212306182923
Kenya,0.010024263613019,0.023378999598546,0.036219866307072,0.07798857559449,0.407644521843989,1.87054657932212,3.60522018676948,4.70572647763142,7.33716813608461,12.9496698205813,20.0879216379389,30.277010853817,42.396036366059,49.0711741579053,61.6322834415159,64.8424594364087
"Micronesia, Fed. Sts.",0,0,0,0,0,0,0.092826377543443,5.41795522732518,11.7345720948167,12.8807611109588,16.9561613640711,24.9209751843912,24.9168682667826,24.8473020347682,24.776705323057,
Cameroon,0.024496980747123,0.028704390432198,0.033386306272619,0.039154137505807,0.65873981368734,2.60163243325,4.27537400007374,6.41706794691839,8.91840482294857,12.8321792198735,17.4720135143003,24.7193164128087,32.84272035204,41.7424162301093,44.0670489026189,52.3535920119666
Iran,0.098604494899556,0.385665700331511,0.617701997901827,0.763053700216466,1.473157082166,3.14770194864992,3.39093343014022,5.06874828785854,7.36744546347401,12.2046006792835,21.797724992146,41.6739587928679,59.4832227639361,71.8581479277808,73.0689625478701,74.9252081579763
Lesotho,0.068991079267579,0.187645626409353,0.517159206759525,0.620367598820681,1.09986465554378,2.8657861831901,6.86244224008723,6.20756480116078,9.58536516258379,12.0917709386219,17.1614735795309,21.6511057257679,27.8843966283917,30.7556156915989,45.4768946787159,47.9068009880379
Vietnam,0.09173663520965,0.21081942190594,0.289144433824882,0.42196328996023,1.00124292119621,1.57126722454578,2.36319655903293,3.36950012052537,6.02944244821815,11.5356757052828,22.4708292229444,52.964827893255,87.1095339915184,113.02952147723,127.003045984479,143.389101197815
Lao,0.077221493247704,0.097975192641355,0.126014358958336,0.231338538035442,0.238496462330687,0.546228150873965,1.00351119762767,2.01136576169091,3.60312366828979,11.4286290348512,17.2824198691722,24.9251903223278,33.5790877484079,52.9215694069985,64.5615777337913,87.1631480539952
Yemen,0.056078177435045,0.075460940320349,0.096585182016947,0.160833365197443,0.180791422038904,0.809355826407171,2.58428036080848,3.47668425532616,7.37037539529006,11.0300662372825,13.9880270968669,19.815929200314,28.4841797893143,35.634961167623,46.0866585505365,47.0486147513617
Kyrgyz Republic,0,0,0.027985828805503,0.052542782869093,0.18164021110629,0.541305195086392,1.061108911184,2.76097028401381,5.24822223010438,10.7419887549156,24.8195417375137,42.1918492189368,65.2180663568599,85.1302075131847,98.8986962112383,104.829228310011
Armenia,0.009457203788556,0.159497976927661,0.251873451521839,0.264056708289329,0.568447429178134,0.831884559056171,2.3308539146644,3.73719921295295,6.6384184480437,10.3734106904409,41.0366780852708,61.0377528193688,46.8320641800638,71.0377607108509,125.008537964187,103.566373656715
Angola,0.026484163104863,0.055127183775598,0.074743506848126,0.17762548037516,0.185303093633927,0.521258883293889,0.940198411413901,2.26978789740014,4.63732949980761,9.77085298150812,17.957403150526,28.3105968622512,37.5505572580143,43.7045041219092,46.6892416231665,48.3779743457581
Zambia,0.029698979396374,0.048311127910878,0.085312440805457,0.283455746866678,0.968998669027351,1.15982803539772,1.30071891530823,2.20327527383009,4.14882498175998,8.28414554936961,14.1558564795804,21.8908497647192,28.5873499104818,34.6335269503179,41.6163950683688,60.5905591252634
Pakistan,0.052041763809941,0.100574311967934,0.142296299273058,0.188030574793399,0.212073312588561,0.503264118540256,1.12929136749945,1.57006768223264,3.22270362698294,8.0501533157617,21.3645265575737,38.2234085490499,52.5672211133225,55.3343970595814,57.1368806148562,61.6109614054714
Togo,0,0.068860880099528,0.166660259505579,0.365532126618609,1.04307829929838,1.92848683614886,3.26946442815654,4.71182062305667,6.28872601698135,8.01833343071913,12.8031063084594,21.0571165390104,26.8233637196272,37.0617800255818,40.6853879310488,50.4457080986863
Cambodia,0.201573315595673,0.286040960731425,0.511799974103397,0.729008359828128,1.04882730699708,1.76595211323438,2.95829842411443,3.82663894692415,6.52950239886263,7.95054551073421,12.73797555528,18.8979153183534,30.6526016296159,44.8422055869182,57.6504243274718,69.9047331306422
India,0.033379055944156,0.088134708141459,0.117372005143541,0.181837897323559,0.339415639542467,0.610430940872405,1.19409118124349,3.04642698021206,4.65008099547053,7.90672025811366,14.3512937903964,19.8999698313834,29.1292787005892,43.4770581924589,61.4226032976993,71.9990549113182
Sao Tome and Principe,0,0,0,0,0,0,1.35838804618519,3.25524527486186,5.15265017197677,7.83176737298686,11.8887526618055,19.1273568419113,31.5610689888147,39.3809802172107,62.1111628385037,68.26127719165
Benin,0.046496169261858,0.071725672931265,0.102133196245866,0.114843630025613,0.85114478636229,1.85974903505062,3.1532210000454,3.29624272293445,6.20874467844961,7.81092455523538,13.4116653478083,25.2913101675634,43.3864848886666,58.515263891587,79.9435066552225,85.3326654887811
Tanzania,0.029360213402427,0.063939327275979,0.117139724566037,0.153476313815233,0.324688516515331,0.789184133503974,1.69359966961831,3.52829750321848,5.13934097770166,7.63307194783223,14.0493310612275,20.093412942403,30.7724412610708,40.1369124841142,46.7958949204466,55.5328770397196
Mozambique,0,0.014825897997229,0.038882899219977,0.069029124505694,0.280566810339144,0.81669378332705,1.32686834040442,2.20960803780375,3.49693748784654,7.24093432199585,10.9873762338105,14.1201089745759,19.7242901727944,26.1204936941258,30.8847359203515,32.8267482411403
Guinea-Bissau,0,0,0,0,0,0,0,0.096973292414407,2.94231712974357,7.22566069189403,11.274159937857,20.7993871608513,34.4043743211555,37.7560439856615,,25.9769976749462
Bangladesh,0.003335315566963,0.021246967700188,0.060094540249965,0.11712469931083,0.215290610493565,0.394104846319421,0.80064690482419,0.999891821227722,2.00641402427976,6.40168790602083,13.4390674381798,23.8752172917425,30.6849887577735,35.6593540732752,46.1692219610465,56.4807853896408
Vanuatu,0.089647986122026,0.118339135952802,0.123633012262147,0.165527287173291,0.197218409933324,0.184653695184232,2.51856801418622,3.90062409985598,5.10991871026119,6.01032343609414,6.92009595866396,11.6918566218629,15.7866348595209,54.0878566234655,119.048115801728,
Somalia,0,0,0,0,1.08122237054491,1.11887449124119,1.2834904368411,2.50565181086588,6.11927769514713,5.98096211909794,6.43463226720056,6.87010340536141,7.02736750554232,7.02862591569509,6.94683197883327,6.85370622796808
Mali,0.011760913994428,0.027402443156322,0.041950695131365,0.058223884372671,0.092055792290686,0.206163371563665,0.383056431042885,1.99693799018167,3.18550415180895,5.78285423554803,11.1305135455575,18.0509922910171,23.7798781326958,29.9168272600065,48.409079123885,68.3222578840368
Iraq,0,0,0,0,0,0,0.079261074367218,0.308701738631345,2.15639312519331,5.60318055973398,33.2090946735757,48.4148850466778,58.7804569215606,65.4747883895303,73.4551289197944,78.123512357683
Bhutan,0,0,0,0,0,0,0,0.361128771633695,2.97914072229141,5.46039469552991,12.1654530066802,21.7024576629329,36.1337852153592,47.4925910616326,54.3179877124831,65.5845378433548
Djibouti,0.017069242156683,0.030491697396189,0.031933114639882,0.0393494413082,0.031423770032653,0.40021131157251,1.96005921992256,2.95007952388282,4.3442546532987,5.449628695877,5.44105613574171,8.28384674305768,13.1887858855869,14.766365856735,18.6350870244263,21.3180956840157
Haiti,0,0,0.119871981518617,0.294278357663091,0.636178597772149,1.0407270029758,1.56682766193947,3.52601577076666,4.34186357560715,5.35129966400856,12.6593816145269,26.0187566094146,32.8665867186945,36.9820648137044,40.0270302535302,41.4864516608261
Zimbabwe,0,0.047441285617472,0.154953513130516,1.40263353313069,2.12991318501965,2.49703081865111,2.6870607230085,2.8831544326326,3.37949799001848,5.14776997850396,6.77709003160901,9.81996587680155,13.2892847095336,31.9945691804195,61.2498761082052,72.1320945639215
Liberia,0,0,0,0,0.052681672748473,0.068043504294906,0.166884617977746,1.55560062316209,3.05135833461861,5.02743249964887,8.44972324138626,16.1912022816079,23.3602936754809,28.2868113565188,39.3405108807393,49.1677509802421
"Congo, Dem. Rep.",0.015895780551155,0.019193719297462,0.02110880767111,0.02477809256509,0.030225969346837,0.29417865163568,1.0668428684669,2.30363295519106,3.57048893563317,4.78242604621393,7.47264924943409,10.8470694030615,15.9065830292392,14.731967190237,17.9189047899749,23.1311739497414
Sudan,0.007113040800046,0.01197463268602,0.026421438035307,0.038958687039503,0.067275600552467,0.296683920232063,0.532659744455777,1.43881988349727,2.79588275774887,4.75898144040456,11.8955513063847,20.3550955964208,28.9543046698055,36.1123014571978,41.5440290020599,56.253617606902
Uganda,0.018627530969202,0.022600724081998,0.131643366010288,0.239999662728037,0.524149717178125,1.13479805481717,1.52478850348779,2.91336936741889,4.23316102765999,4.62625501192282,6.83963511241358,13.8275956459309,27.2974791597744,28.9908563447827,38.379613054221,48.3841688036569
Burkina Faso,0.004776127006769,0.013298992497351,0.023491632805299,0.042136261608285,0.205343869844929,0.60233353051127,0.852933459388795,1.77740465357316,2.87125873910857,4.46213086585499,6.95247542059671,12.3366465205426,19.4914580215166,23.9208609802046,34.6587474893304,45.2744588366997
Afghanistan,0,0,0,0,0,0,0.101461693685442,0.778857477610087,2.24773939229968,4.34550879715665,8.86797897918629,16.01633660185,26.4708799874424,34.3386872470302,41.3857963883125,54.2620802231022
Tajikistan,0.001740515131049,0.005382510641812,0.006967859586348,0.010238737879792,0.018792098959193,0.026152863971253,0.209996835729498,0.751445068461243,2.11230582433126,4.10646434969101,32.9520399151891,32.2930410606463,54.8989929784667,72.2352687962803,86.3665577933535,90.6412221486786
Malawi,0.036740593042821,0.067835208896103,0.098941299822952,0.206001227767317,0.436379595388839,0.483375583522279,0.727171962178641,1.11251224274791,1.78095621558409,3.28454000741036,4.69986765771433,7.73287776270394,10.765239809204,17.2108855313112,20.9207252127581,25.0685135994749
Timor-Leste,,,,,,,,2.15370805433984,2.64079735201597,3.27326605085083,4.72764526677014,7.37341742319259,11.5769498281545,31.9024590707955,53.4172925810798,53.2269806575296
Madagascar,0.016977589065724,0.029324116310603,0.088588671723603,0.240072435370744,0.410654016018462,0.930810078647457,0.997676230224577,1.68422920089806,1.92354921930995,2.85290138352598,5.67588526971754,11.6837002989032,24.7373848387125,31.2251647895688,37.2298367577703,38.2807756085054
Uzbekistan,0.040732496205582,0.072550529178474,0.111184669629298,0.165058953742258,0.214436698026809,0.511178240447443,0.739465056181144,1.25861668800618,2.11644632441617,2.77484299591474,9.65282352617592,21.4740939546367,46.1557735361074,60.5200378663232,76.3426033920864,91.6482143345379
Niger,0,0.000996345546869,0.01324391221829,0.020780759292161,0.018823665559128,0.018800626168738,0.491543698876371,0.67967330790517,1.37420702808532,2.49234947764656,3.58837331385458,6.45361977079324,13.1323673407217,17.3587722946514,24.5332873300996,27.0077081365517
Central African Republic,0.031440346565971,0.039322312944188,0.045875889565244,0.114583456648662,0.134184963449658,0.292004285561078,0.329047189022986,1.0282578099394,1.51811068089541,2.48887472995709,2.69110911371012,4.80660619956068,5.89906325235178,15.7395056376282,22.2499580213908,25.0412484340305
Rwanda,0,0,0.072003405473065,0.145063980468586,0.481579937824326,0.768596972342807,0.94741741906803,1.47575164608062,1.52359885034444,2.4232190326881,3.32790476333716,6.54070307792643,13.2209599831749,23.5591815755084,33.4032316438104,40.630670888563
Comoros,0,0,0,0,0,0,0,0.328261151441641,1.33860381289585,2.41425003188309,5.58269586819648,9.15175611035629,13.1616248274833,17.1277526146521,22.494453895883,28.7074752335389
Turkmenistan,0,0.057656946243662,0.068254835343173,0.089899216236158,0.166614127678405,0.179557825946446,0.177670321013075,0.197658647581968,1.06669028573035,2.21153244665626,4.51634548122837,7.85516222689229,23.0796788221201,42.8319375252025,63.419816957375,68.7716551874219
Chad,0,0,0,0,0.066891039483105,0.25827828875137,0.387263382922296,0.710080399672576,1.29818153263945,2.14594423692369,4.62201486361631,8.85432178420818,15.0181691687875,20.8585666624821,25.6101427888394,31.8048004181339
Burundi,0.009136423909223,0.010013762047454,0.009962215886039,0.012731429539017,0.256026225117647,0.514119753777625,0.78124166644256,0.935841622842958,1.4285036481108,2.10993040815156,2.67581331011084,3.50295370353673,6.05011591405931,10.261033945905,13.7244509593338,14.4603513492208
Guinea,0.012170538712882,0.035930146683446,0.265844083006169,0.306121779138643,0.504668591930048,0.657079467665305,1.05488291836221,1.2751668181237,1.74254029076012,2.09037313492264,,21.3364763385412,28.7683686033532,35.7434938696681,40.073775821287,44.023523040151
Solomon Islands,0.091985271438437,0.174762490338928,0.181439419393858,0.274880729930312,0.281602614916376,0.230110986312323,0.231192736984127,0.23855391318438,0.656571514863685,1.27712561594704,1.44927536231884,2.19541179077121,5.87980502566535,9.53970903887431,27.873373124122,49.7715778780916
Marshall Islands,0.710268734554087,0.901406271156934,0.664355863662623,0.850614439324117,0.857225045546073,0.938021522702423,1.06019283217455,1.15017695030005,1.23922413793103,1.26832830486,1.9153418885271,2.85785051536571,3.7821482602118,5.61839838190127,7.0320885302935,
Papua New Guinea,0.047203985049248,0.077598170638719,0.108891720134565,0.134699345108156,0.159142593250867,0.193890246523294,0.26502019630576,0.301566647349169,0.812204161472462,1.23042859765428,1.6013025635573,4.69020639565924,13.3450028308507,21.1467948690217,27.8361615020473,34.2181139574404
Cuba,0.022165990849017,0.027237272670208,0.036767675339251,0.04640244617506,0.058860012321339,0.077009610627057,0.159734288619127,0.315452431466764,0.674652446780009,1.20429256808233,1.35564419885658,1.7593176560854,2.94434008274677,5.51519592052583,8.90936996773577,11.6863350739515
Myanmar,0.016988042921531,0.019588398657867,0.019375450685132,0.025595163972545,0.029799148799114,0.05001996407944,0.105202246945644,0.145095261232875,0.200676150039392,0.27784277087004,0.459634636231544,0.527841074353034,0.77753555717036,1.05460191128096,1.23845433226754,2.5728222636671
North Korea,0,0,0,0,0,0,0,0,0,0,0,0,0,0.285751664759964,1.77406940516332,4.08976460746337
Sierra Leone,0,0,0,0,0.288188959273397,0.624905607769788,1.48706640639305,2.39352053479689,,,,14.1650066288945,17.975353025563,20.2115487046924,34.0858581864687,35.6315963055187